response_id,ip,prolific_id,education,gender,age,country,f01,f02,f03,f04,f05,f06,f07,f08,f09,f10,f11,f12,f13,f14,f15,p01,p02,p03,p04,p05,p06,p07,p08,p09,p10,p11,p12,p13,p14,p15,p16,p17,p18,p19,p20,p21,p22,p23,p24,p25,p26,aq1,aq2,aq3,aq4,aq5,aq6,aq7,aq8,aq9,aq10,aq11,aq12,aq13,aq14,aq15,aq16,aq17,aq18,aq19,aq20,aq21,aq22,aq23,aq24,aq25,aq26,aq27,aq28,fw,de,du,trb,psi,witchcraft,superstition,spiritualism,elf,precognition,rpbs,social_skills,routine,switching,imagination,factor_numbers_patterns,aq_short
172,86.201.55.164,558fa9dffdf99b7ce2924662,Bachelor Degree,Male,36,France,6,5,6,5,6,5,5,3,6,5,2,6,5,2,6,6,2,4,1,5,2,2,4,2,2,1,3,1,2,2,1,1,1,1,4,1,3,6,2,1,1,3,3,2,4,3,2,4,2,3,4,3,3,3,2,2,3,3,2,1,3,2,3,2,2,1,2,3,2,26,18,29,15,11,9,3,10,7,6,61,22,9,10,17,16,72
49,188.26.198.242,59402f40e9b44100013b1789,College,Female,30,Spain,4,4,1,4,2,2,4,4,4,4,4,4,3,2,5,1,1,1,1,1,1,1,1,1,1,1,1,1,1,1,1,1,1,1,4,1,1,2,2,1,3,3,3,2,3,3,2,2,2,2,3,2,2,2,2,2,3,3,1,2,2,2,3,3,2,2,3,3,3,19,16,16,4,5,5,3,4,6,6,33,20,11,8,18,13,67
92,109.11.221.50,594fa525f61b8e00016af178,Master,Female,37,China,4,2,6,6,2,4,4,2,6,3,1,6,6,2,7,4,4,4,2,5,4,2,2,4,4,2,4,2,2,4,2,2,5,4,6,2,4,4,4,5,5,3,3,2,2,2,2,1,3,3,3,2,2,1,1,3,3,3,4,2,1,2,3,2,3,2,3,3,2,23,9,29,14,14,14,9,18,12,11,92,23,11,11,14,10,66
10,5.70.164.236,59664cebaf78da0001a22b4a,hnd,female,37,uk,7,4,4,7,5,5,6,5,7,7,1,2,7,1,6,4,1,1,1,1,1,1,1,1,1,5,1,1,1,1,1,1,5,1,5,1,1,1,1,1,1,4,3,1,4,1,1,1,2,2,4,2,4,1,1,4,1,2,1,3,2,1,1,1,3,1,3,4,2,34,16,24,7,4,4,11,4,7,4,41,28,11,8,11,5,60
94,46.176.137.221,5acb55010527ba0001c25592,Chemical engineering,Male,32,Greece,7,3,4,6,2,2,3,2,4,5,3,2,5,1,5,4,1,1,1,1,2,1,1,1,1,1,1,1,1,1,1,1,1,1,7,1,1,7,1,1,5,3,3,2,3,3,2,1,3,3,3,2,3,2,2,2,3,3,3,3,3,2,3,4,3,2,2,3,3,26,11,17,7,10,4,3,4,10,8,46,22,11,11,20,12,74
98,185.17.231.94,5b06ebe96f73510001fdb40e,bachelor's degree,Male,33,Portugal,3,2,4,4,5,3,3,3,5,4,2,3,5,4,3,4,3,4,2,2,3,3,3,3,4,1,2,3,3,5,2,2,1,2,4,4,2,4,5,3,3,3,3,2,3,3,2,1,3,4,2,4,3,1,2,3,3,4,3,2,2,3,1,3,3,2,4,3,2,19,16,18,14,12,15,4,9,10,13,77,25,13,12,19,9,74
93,91.82.24.196,5bc4784e85214800017d8c1a,Bachelor's degree,Male,32,Hungary,4,7,4,4,4,4,2,4,5,3,6,6,4,7,4,4,1,1,1,1,1,1,1,1,1,1,1,1,1,2,1,1,1,4,4,1,1,1,1,1,1,3,3,2,3,3,2,2,4,4,2,4,3,2,1,3,2,3,4,3,2,2,3,2,3,2,4,4,4,17,28,23,8,4,4,3,7,6,4,36,26,13,13,19,12,79
105,41.21.175.53,5bca705b3d893f0001bf027d,Bachelor's degree holder,Female,23,South Africa,6,2,6,2,2,6,2,5,6,7,1,7,2,1,7,7,1,7,7,7,1,1,7,1,7,6,7,4,1,7,1,7,4,4,6,7,7,6,7,7,7,4,3,4,2,4,4,1,1,4,1,1,4,1,1,4,4,4,4,2,2,4,4,4,4,2,4,4,4,19,11,32,28,9,28,17,25,11,16,134,29,13,11,22,14,85
133,187.190.29.145,5bd781291fd7c80001bb1fad,Bachelor's degree,Male,29,Mexico,3,7,4,5,7,3,5,2,4,5,2,2,5,1,3,1,1,2,1,5,1,1,1,1,5,1,5,1,1,1,1,2,1,1,7,1,1,5,4,1,1,3,3,1,2,2,1,2,1,4,3,4,4,2,1,4,3,3,1,2,2,3,2,4,2,1,3,3,3,23,19,16,4,8,13,3,12,9,4,53,26,11,7,17,11,69
55,195.130.88.179,5bed50471f9cac0001734381,Master's Degree,Male,29,Greece,4,3,1,4,3,1,3,2,1,4,5,4,3,2,4,1,1,1,1,1,1,1,1,1,1,1,1,1,1,1,1,1,1,1,5,4,1,2,1,1,1,3,4,1,4,2,3,1,1,3,3,1,2,1,3,3,4,3,2,3,2,2,2,2,3,2,3,3,2,18,15,11,4,5,4,3,4,7,7,34,23,13,9,16,10,68
74,31.61.171.177,5c04e3a04e1b7b00016ad9a3,Bachelor's Degree,Male,28,Poland,2,6,1,2,6,1,2,3,3,1,1,7,1,2,3,1,1,1,1,2,1,1,1,1,1,1,1,1,1,2,1,1,1,1,4,1,1,2,1,1,4,4,1,1,4,2,2,2,2,4,4,2,3,2,2,3,3,3,2,2,2,2,4,2,4,2,3,4,3,8,18,15,5,5,4,3,5,6,7,35,29,9,10,16,13,74
128,2.53.189.143,5c1550c32b16ba0001c95536,First degree,Female,38,Israel,3,2,4,4,2,7,1,2,4,3,2,7,5,1,7,6,1,1,1,4,2,1,1,1,2,1,3,1,1,1,1,1,1,5,4,2,1,1,2,3,4,2,3,1,2,4,3,1,2,3,4,4,2,1,2,3,2,3,1,2,3,3,1,1,3,2,4,2,4,16,9,29,9,4,6,3,15,7,8,52,23,12,8,20,9,68
13,89.152.227.120,5c2e15a5da51990001e446e0,Master Degree,Male,39,Portugal,5,2,4,3,4,3,3,4,5,3,2,6,3,2,7,4,1,2,1,4,2,1,2,2,3,2,1,1,1,5,1,1,1,1,6,1,1,6,4,1,5,2,3,2,3,4,2,3,2,2,1,2,2,3,2,1,3,4,2,1,2,2,3,2,2,2,3,2,3,17,14,25,12,10,10,4,7,9,8,60,15,11,9,17,16,65
48,176.63.18.147,5c3f8bdf342ae0000111a3e1,bachelor's degree,female,24,Hungary,6,1,2,2,4,1,5,4,5,6,4,5,6,1,4,4,1,2,1,4,4,2,2,1,5,1,5,4,1,4,2,2,1,4,6,5,2,5,4,4,5,2,2,2,3,3,2,3,1,3,2,2,2,4,2,3,4,3,1,1,1,4,4,1,2,2,4,1,1,25,14,17,12,9,13,3,17,14,13,81,19,10,9,13,18,65
63,212.109.132.199,5c4318404d76b1000173d466,Student,Male,21,Poland,7,6,7,6,5,6,7,2,6,7,1,7,6,1,7,7,4,2,1,2,1,1,6,4,1,1,4,1,1,7,2,1,1,1,6,2,7,1,5,6,6,4,4,2,4,3,1,1,4,4,3,4,4,3,1,4,4,3,4,4,2,4,3,3,4,1,4,3,4,33,15,33,27,11,9,3,13,8,10,81,30,15,16,18,14,89
38,82.155.218.85,5c549c6372fd9000018b5968,Graduate,Male,27,Portugal,6,6,1,6,6,7,1,4,2,5,7,7,6,4,6,4,1,4,2,4,2,6,4,4,7,1,4,2,1,5,4,4,1,4,7,7,4,6,7,5,7,2,3,1,4,4,1,3,2,4,3,2,2,3,1,4,2,2,1,1,2,2,3,2,2,3,4,1,1,24,27,23,17,15,22,4,17,11,21,107,22,10,9,13,15,65
77,80.195.114.35,5c716c2a7019c80001f35d9c,Bachelor's Degree,Female,25,United Kingdom,5,4,6,6,5,2,3,3,6,5,4,6,4,4,6,6,4,4,3,5,4,4,4,4,5,4,5,4,4,4,4,5,3,5,5,5,4,4,5,4,5,3,3,1,4,4,1,4,2,3,4,1,2,3,1,4,4,4,2,3,3,3,3,1,3,3,4,3,1,23,20,26,18,16,19,10,19,13,18,113,26,14,11,12,18,77
158,212.127.93.110,5c71b17c891e3200012477a2,Masters,Male,32,Poland,4,4,4,6,3,2,5,2,6,6,2,6,6,4,7,5,1,1,1,1,2,2,4,1,1,1,1,1,1,6,1,1,1,1,7,2,4,2,1,1,1,2,1,1,3,1,2,1,2,4,4,4,2,1,2,4,2,3,2,2,2,2,2,3,2,2,2,3,2,27,15,25,19,5,4,3,4,10,6,51,23,8,9,18,7,63
85,146.255.182.103,5c90f5eae2d9fb0011385c58,bachelor's degree,female,25,Estonia,7,7,5,7,4,7,5,4,7,4,1,7,7,1,7,7,7,7,1,7,4,5,4,7,7,1,7,4,1,7,7,7,1,7,7,7,4,7,7,7,7,3,1,1,3,3,1,2,3,3,4,1,2,3,2,3,3,1,2,1,2,2,1,2,3,2,2,3,3,30,17,33,22,28,28,3,28,15,20,144,23,5,10,14,12,62
21,203.230.226.232,5ccff7a28c978d00177c5a71,Master's Degree,Female,37,I am from the Philippines but currently living in South Korea,5,2,2,5,3,6,5,2,3,5,3,7,5,5,6,6,2,5,1,5,2,2,6,2,5,1,5,4,1,7,3,5,2,5,5,3,6,3,5,3,5,4,2,2,3,1,2,1,3,4,4,2,3,1,2,3,1,2,3,4,3,3,1,2,4,3,4,4,3,25,15,24,25,10,20,4,18,11,11,99,30,12,12,19,5,74
175,148.69.164.182,5ce47ee4209b8a00166e39ca,Master of Science (MSc),female,27,Portugal,3,3,4,3,3,2,3,3,3,5,2,4,3,3,4,2,1,1,1,1,1,2,1,1,1,1,1,1,1,1,1,1,1,1,2,1,1,3,1,1,1,3,3,2,2,3,2,1,3,3,2,3,3,3,2,3,1,1,3,1,3,3,3,2,2,3,3,2,4,17,14,17,5,6,4,3,4,4,5,31,21,8,11,21,11,69
53,188.37.30.231,5d25fd6e062efa0001833f04,MSc.,Male,30,Portugal,3,1,2,5,1,2,1,1,4,1,1,4,5,1,4,4,1,1,1,1,1,1,1,1,6,1,1,1,1,1,1,1,1,4,7,1,1,5,4,4,1,3,3,1,3,3,2,1,3,2,2,2,2,3,2,3,2,2,4,2,2,3,2,4,3,1,2,2,3,15,5,16,7,8,12,3,10,9,4,53,19,9,13,17,11,67
118,94.131.151.55,5d678b1609288100014849e8,BSc at Computer Science,Male,36,Greece,5,5,4,5,4,4,3,4,4,3,3,5,4,4,2,2,1,1,1,3,2,1,1,1,1,1,2,1,1,1,1,1,1,1,7,1,1,3,1,1,2,3,2,2,3,1,2,1,3,2,1,4,3,3,2,4,3,4,2,3,1,3,3,3,3,1,2,3,3,20,20,19,5,6,4,3,7,10,5,40,21,11,11,18,11,70
17,80.89.79.33,5d6bc6e499cd42001855fdf1,Bachelor's degree,Female,33,Latvia,6,5,5,6,5,5,3,5,7,5,1,6,6,1,6,6,1,3,1,5,1,2,3,1,2,1,5,2,1,5,1,3,2,6,4,6,2,5,4,5,6,2,3,1,2,2,1,1,4,3,4,4,2,1,3,3,1,1,3,2,3,2,2,2,2,3,3,2,3,26,17,29,16,8,12,4,21,7,15,83,21,9,11,20,7,65
117,31.152.198.68,5d77bc0a4503c30001c724b8,undergraduate degree,male,22,greece,2,2,2,4,2,4,1,2,3,3,5,2,4,4,2,2,1,1,1,1,1,1,2,1,1,1,1,1,1,4,1,1,2,1,7,1,2,2,1,1,1,1,3,2,3,2,2,3,4,3,1,3,2,3,3,4,2,3,4,3,4,2,2,3,2,3,3,2,4,14,15,13,10,5,4,4,4,9,4,40,18,12,13,24,12,76
44,95.250.242.40,5d7a275ae1980f0018725396,Master's Degree,Female,26,Italy,3,5,6,3,2,4,3,3,6,3,2,7,3,4,6,6,4,5,1,6,4,3,4,4,5,1,5,4,3,1,4,5,1,7,7,4,4,5,5,5,5,2,3,3,2,3,2,1,4,3,3,3,2,1,1,3,2,4,3,3,2,2,3,3,3,2,4,2,1,15,16,29,15,17,20,3,23,15,15,108,22,14,11,17,10,70
75,109.173.165.158,5d891cd0a592de000185ca5b,bachelor,Male,25,Poland,6,5,1,6,4,1,4,2,3,5,4,5,5,3,4,4,1,1,1,1,4,2,1,4,2,2,1,2,1,1,2,2,1,4,7,2,2,4,4,4,4,1,3,1,3,2,2,1,3,2,1,1,3,3,2,2,3,3,3,1,2,2,2,2,2,2,2,2,3,26,18,14,8,11,9,4,10,13,9,64,15,9,11,15,11,59
36,193.137.92.236,5db20e14aa1295000bd72015,bachelor degree,male,25,Portugal,5,4,3,3,3,5,2,3,3,4,6,4,5,4,3,4,1,1,1,1,1,1,4,1,1,1,1,1,1,6,1,1,1,4,7,1,5,1,1,1,1,3,4,3,3,1,3,1,4,4,3,2,4,2,3,4,3,4,4,4,3,2,1,4,4,3,4,4,1,19,20,18,19,4,4,3,7,9,4,50,30,16,13,22,8,85
66,85.240.128.100,5def67a45c91a4000ef4739c,Bachelor degree,Female,24,Portugal,5,4,3,3,2,6,5,3,7,5,2,6,3,3,7,7,1,5,2,5,1,3,4,4,7,3,4,1,1,2,1,5,4,6,7,5,3,4,6,6,6,2,2,1,3,4,1,3,2,2,2,3,2,3,1,2,3,4,2,1,1,2,3,2,1,1,2,1,3,21,14,29,16,10,23,9,21,9,15,103,14,9,9,13,16,59
57,189.203.103.60,5e45ad5adb671e0952ec6b86,relaxed,non binary,27,méxico,5,4,5,5,6,3,4,5,5,6,4,7,3,2,7,3,1,4,1,4,3,1,4,1,5,1,4,3,1,4,1,3,1,2,6,2,4,4,5,3,5,4,4,2,4,3,2,2,1,4,4,2,4,2,1,3,4,4,1,3,4,4,3,4,4,3,4,4,1,23,21,27,15,7,17,3,13,12,9,76,31,15,10,19,14,85
122,176.249.119.32,5e4940cc4cc99d3ad7baa236,full time employment ,female,34,england,4,3,1,3,5,2,3,2,2,5,1,3,3,2,4,1,2,1,1,1,3,1,1,1,6,1,1,3,1,1,1,1,1,1,5,1,1,1,3,1,1,3,3,1,3,3,2,1,2,2,2,3,3,1,2,1,1,2,2,2,2,2,3,2,2,2,4,3,4,18,13,12,4,5,11,3,4,11,4,42,20,11,9,18,9,63
102,130.192.232.211,5e820827a0271f9119616fb8,graduate,female,30,ITALY,5,2,6,6,4,5,4,1,6,5,3,2,3,4,6,4,1,1,1,2,1,1,1,2,1,1,2,1,1,2,1,1,1,4,6,2,1,5,1,1,3,2,2,2,2,3,1,1,2,1,1,2,3,2,1,1,2,2,1,1,2,2,1,1,1,2,2,1,1,23,14,25,8,9,4,3,9,8,7,48,12,7,7,12,9,45
11,146.241.184.115,5e8783b0fde5153fbd9dca43,high school,female,23,Italy,6,2,2,6,2,2,5,1,1,6,4,2,3,4,2,2,1,1,1,1,1,1,1,1,1,1,1,1,1,1,1,1,1,3,7,1,1,1,1,1,1,4,3,2,4,1,1,2,4,4,4,3,4,3,1,4,2,3,2,1,4,3,3,2,4,4,4,3,2,26,13,9,5,4,4,3,6,9,4,35,31,11,13,19,11,81
84,193.109.93.101,5e9774d2837b810ebe32666e,Masters degree,Male,36,Portugal,7,2,2,7,6,2,6,3,6,6,3,2,6,5,7,1,1,1,1,1,1,1,1,1,1,1,1,1,1,1,1,1,1,1,4,1,1,1,1,1,1,1,2,1,4,4,1,2,2,1,2,2,2,2,2,2,3,3,3,2,2,2,3,2,2,3,1,2,1,32,19,19,4,4,4,3,4,6,4,29,13,8,11,14,14,59
111,93.47.42.219,5e99da3ea467ef04d870e7a9,Master Degree,Male,26,Italy,5,4,5,6,5,7,2,3,7,6,7,7,7,3,7,5,4,6,1,7,1,1,7,4,7,5,7,1,1,7,4,4,6,4,7,1,4,4,7,6,6,2,3,1,4,4,1,4,3,4,3,2,3,2,2,4,1,3,4,2,2,3,1,1,3,4,4,2,1,26,22,33,23,16,24,12,24,9,9,117,25,12,14,14,12,73
54,151.95.223.232,5ea1965fc546e204bb568292,phd,male,31,italy,5,2,2,6,1,2,3,3,4,3,2,6,5,4,6,1,1,1,1,1,1,1,1,1,1,1,2,1,1,1,1,1,1,1,7,1,1,1,1,1,1,3,1,1,3,3,3,2,3,3,2,2,2,3,2,3,1,2,2,1,3,3,2,2,2,2,4,2,2,22,12,20,4,4,4,3,5,9,4,33,21,8,11,17,11,64
62,91.165.173.83,5ea35bb82788e52de5e56b85,master degree,feminin,30,france,6,1,4,5,2,4,5,1,5,5,2,4,5,1,5,4,1,4,1,4,2,2,1,1,5,1,5,2,2,2,4,5,1,5,5,4,1,4,5,5,4,3,4,1,2,1,2,1,3,4,4,2,4,1,1,2,1,4,2,3,1,3,3,1,4,2,4,2,1,26,7,22,8,10,19,3,19,9,12,80,27,15,10,11,7,66
6,213.94.3.80,5ea5ce7be9fb245c8d7deded,Master's degree,Female,33,Spain,6,4,5,6,3,4,5,5,6,3,2,6,6,4,7,4,1,2,1,1,2,1,1,1,1,1,1,1,1,1,1,1,1,2,6,1,1,7,1,1,1,3,3,2,3,4,1,3,1,4,4,2,2,4,1,4,4,4,1,4,2,1,3,4,3,1,4,4,2,26,18,28,7,10,5,3,5,9,4,43,28,15,6,15,18,78
56,90.139.133.142,5ea967689a2c7e0580282cca,Bachelor's degree,Female,36,Latvia,4,5,4,5,5,6,6,3,4,6,6,6,5,4,6,2,1,2,1,1,4,5,1,1,2,1,1,1,2,1,1,1,1,5,5,4,1,1,4,1,4,2,2,1,4,3,1,1,1,1,2,1,1,3,1,2,3,3,1,1,1,1,2,1,1,1,2,1,2,26,23,26,5,4,9,3,8,10,15,54,12,8,7,9,12,46
58,41.133.122.61,5eb28a3b9d99fc3dfffe4666,Bachelor Degree,Male,34,South Africa,6,1,4,7,1,3,5,1,5,6,1,7,7,1,7,7,2,3,1,4,2,1,4,3,4,1,5,2,1,7,2,2,1,5,5,5,5,4,4,4,5,3,3,1,4,4,1,2,2,4,4,3,4,3,2,4,3,2,3,3,2,4,3,2,4,2,3,3,2,31,5,26,23,11,13,3,18,9,12,89,29,11,13,15,15,80
9,194.204.58.145,5ebd3bbcecfc7d00085d0f9e,Bachelor's degree,Male,26,Estonia,5,3,4,4,3,5,5,3,5,5,2,7,5,3,6,4,3,2,1,5,4,1,3,4,4,2,5,4,1,2,4,3,3,5,5,2,4,6,3,4,4,3,2,2,2,4,2,2,2,4,2,2,3,3,1,3,3,3,2,2,2,3,3,2,4,2,4,3,2,24,14,27,13,17,12,6,19,13,8,88,26,11,9,15,15,72
137,84.237.141.21,5ec57530f348315719a6777f,bachelors,Male,28,Latvia,6,6,1,6,4,1,6,4,1,6,2,2,6,2,4,1,1,1,1,1,4,1,1,1,1,1,1,1,1,3,1,1,1,1,7,2,1,5,1,1,1,4,2,2,4,1,1,1,2,3,4,3,2,1,1,1,3,3,2,2,1,4,1,2,4,1,4,3,1,30,18,9,6,8,4,3,4,12,5,42,25,11,12,12,7,63
80,93.34.120.0,5ecc7b15ce3f4185e01acd04,Bachelor degree,Male,33,Italy,3,6,1,1,7,1,3,4,3,2,7,5,1,5,2,1,1,1,1,1,4,1,1,1,1,1,1,1,1,1,1,1,1,1,4,1,1,4,1,1,1,3,3,2,3,3,2,2,2,3,2,2,2,3,2,2,3,3,3,2,2,3,3,2,3,2,2,3,1,10,29,12,4,7,4,3,4,9,4,35,20,10,11,15,14,68
31,217.39.68.26,5ecd36c112aedc06518bd20a,University,Female,39,United Kingdom,6,6,6,7,6,6,5,5,3,5,5,5,5,6,6,4,1,1,1,2,1,1,1,4,4,1,1,1,1,1,1,1,1,1,4,1,4,7,1,1,1,2,2,3,4,3,2,1,4,3,3,4,2,2,3,3,2,3,4,1,4,4,3,4,2,4,4,2,4,28,28,26,10,13,7,3,5,6,4,48,21,10,16,28,11,82
106,31.0.120.66,5ed2c4fe85676325a891de20,Student,Male,23,USA,4,4,6,5,3,4,5,3,6,5,6,4,3,2,6,5,4,5,3,4,4,3,5,5,4,2,5,4,2,5,4,4,2,4,5,4,5,6,4,4,5,2,2,2,3,3,2,2,2,2,2,2,3,2,3,2,2,3,2,2,2,2,2,3,2,2,2,2,2,22,18,26,20,19,17,7,17,13,14,107,17,9,9,18,11,62
73,62.103.99.64,5ed896a6b9f9f63aa5a75bc7,PhD,Male,35,Greece,6,3,4,3,2,3,3,1,1,2,1,3,2,2,4,1,1,1,1,1,1,1,1,1,1,1,1,1,1,1,1,1,1,1,4,1,1,5,1,1,1,3,3,4,3,3,3,1,4,2,3,4,2,1,3,2,3,3,2,3,3,1,3,4,2,2,2,2,3,16,9,15,4,8,4,3,4,6,4,33,18,11,10,26,11,74
174,93.40.240.53,5ede13094e77400127b0d8ac,Some college but no degree,Male,29,Italy,3,2,2,5,3,3,4,2,5,4,5,5,6,2,6,2,1,2,1,2,1,1,2,2,3,1,2,2,1,1,2,1,1,2,7,3,2,6,2,1,2,3,3,1,4,4,1,2,3,2,3,1,3,2,1,2,4,3,3,2,2,3,2,1,2,1,3,2,1,22,14,21,7,11,8,3,7,10,7,53,20,11,13,9,14,64
26,94.254.162.86,5eeb9d68ce7e763425ce2a8a,Bachelors degree,Male,23,Poland,5,4,2,2,4,1,5,2,1,5,6,2,3,1,5,1,1,1,1,1,1,1,1,1,1,1,1,1,1,1,1,1,1,4,7,2,1,1,1,1,3,3,3,1,4,4,1,1,1,3,2,1,3,1,1,2,3,1,2,1,2,1,4,3,2,2,3,3,2,20,17,11,4,4,4,3,7,9,7,38,21,8,8,13,13,60
165,88.104.245.232,5ef4860d22eb1d04bbcd9586,Bachelor degree,Female,38,United Kingdom,5,3,6,5,4,4,5,3,5,4,2,6,5,4,5,4,1,4,1,2,4,4,4,2,4,1,2,4,1,1,2,2,1,4,6,4,1,4,4,2,4,3,1,1,3,2,1,1,2,3,3,4,4,2,2,4,2,2,2,2,3,2,3,3,3,3,4,3,3,24,16,26,10,9,14,3,10,14,13,73,27,9,9,20,10,71
47,189.203.97.174,5ef67612126bfa36576e1b03,college,male,26,mexico,6,4,5,6,6,5,4,3,4,5,6,4,4,5,5,4,1,1,1,4,1,1,4,1,2,1,1,1,1,3,1,1,1,4,6,1,4,1,1,2,1,4,2,1,2,2,1,1,2,2,1,3,3,2,3,3,3,3,2,2,2,2,2,2,2,2,1,3,2,25,24,23,15,4,5,3,11,8,4,50,19,8,8,16,10,60
86,88.14.219.72,5f011910f1a82a26078ed6dd,University graduate,Male,23,Spain,5,1,6,3,2,5,3,2,6,5,5,3,3,2,5,4,1,1,1,4,1,1,1,1,1,1,1,1,1,5,1,1,1,1,2,3,1,3,1,1,1,3,3,2,4,4,2,1,3,3,2,2,1,3,1,3,2,3,2,3,1,2,2,2,2,2,3,3,3,19,12,25,11,6,4,3,7,4,6,41,20,12,11,15,12,67
169,79.190.106.137,5f0214e58782120a8c970fd6,masters degree (and student),female,33,Poland,5,4,5,6,3,3,5,4,5,6,2,6,6,3,6,6,1,4,1,4,1,3,5,2,1,1,2,1,2,7,2,1,2,5,4,3,5,4,2,4,5,2,1,2,3,2,1,2,2,2,3,2,2,2,1,2,3,1,2,1,2,1,2,2,2,1,2,2,1,28,16,25,23,9,8,4,15,6,13,78,17,5,8,12,11,51
52,158.116.225.18,5f338ba6ea047119dbd6e49e,BSC,Male,26,Hungary,6,5,6,6,2,6,6,2,6,6,5,6,6,2,6,6,3,3,2,6,2,2,6,4,2,2,5,2,2,6,4,2,2,4,6,2,5,6,2,4,5,3,3,1,3,3,1,2,2,3,3,2,3,3,2,2,3,4,2,2,2,3,3,3,3,2,4,3,2,30,16,30,23,17,9,6,19,10,11,95,24,13,10,15,14,72
99,77.254.229.180,5f4155308b19382e4374df9f,Bachelor's Degree,Male,22,Poland,6,5,4,5,6,6,5,5,6,5,6,5,6,3,5,5,2,1,1,2,1,1,1,1,1,1,1,1,1,1,1,1,1,1,7,1,1,7,1,1,1,2,1,1,3,3,1,2,2,2,2,1,2,2,1,3,3,3,3,1,2,2,4,4,2,3,3,1,1,27,25,26,8,11,4,3,5,9,4,44,17,8,10,14,14,60
167,105.244.105.105,5f454ee36eaa951147ea3cb4,undergraduate,female,25,south Africa,6,4,7,5,5,5,4,5,7,7,4,5,7,5,7,7,1,7,4,5,4,4,7,4,7,3,7,4,4,7,1,4,4,4,6,4,7,5,6,5,6,4,2,2,2,2,1,4,2,4,4,2,4,3,2,4,4,1,1,2,1,1,2,3,4,2,3,2,1,29,23,31,28,11,24,11,21,14,18,127,29,8,6,14,15,69
160,87.99.45.160,5f4e7c5027d2a00631b19618,Student,Male,25,Poland,6,5,5,4,5,3,5,4,3,4,4,5,2,2,3,7,1,1,1,1,1,1,5,1,1,1,4,1,1,7,1,1,1,2,7,1,7,1,1,1,1,3,2,3,3,2,2,1,3,2,1,2,3,1,2,1,3,3,2,2,2,3,2,2,2,3,3,1,3,21,20,19,26,4,4,3,8,9,4,58,16,10,11,19,9,62
15,2.249.127.16,5f4ec827c4909710bd484f3d,Bachelor's degree,Female,38,Sweden,6,1,4,5,1,1,5,1,4,7,3,5,6,2,5,6,1,1,1,4,4,1,4,1,1,1,4,4,1,6,1,1,1,4,5,4,4,1,1,4,4,2,3,1,4,3,1,1,2,3,2,3,1,3,2,3,3,2,2,2,2,2,2,2,2,2,3,2,3,29,8,19,20,4,4,3,16,13,10,70,18,10,10,16,12,63
166,79.147.123.54,5f563f5b79ddd10221fc7452,university (engineer),male,40,Spain,2,4,4,3,3,4,2,2,4,2,1,4,3,4,4,4,1,1,1,1,1,1,1,1,1,1,1,1,1,4,1,1,1,1,4,1,4,1,1,1,1,2,2,1,3,1,1,1,3,2,3,3,2,1,1,3,1,1,2,2,3,2,2,3,2,1,2,2,3,12,14,20,13,4,4,3,4,6,4,38,18,7,10,16,6,55
95,90.75.176.62,5f578563765fec223eb51594,University Grade,Male,27,Spain,4,4,5,6,5,4,6,5,6,6,3,6,5,4,6,4,2,1,1,1,1,1,1,1,1,1,1,1,1,1,1,1,1,1,5,5,1,4,1,1,2,2,3,1,4,3,1,3,3,2,3,2,3,3,2,1,2,3,2,2,2,2,3,1,1,1,3,1,1,27,21,27,7,8,4,3,4,7,9,42,16,11,11,11,14,60
30,101.56.48.178,5f5929c79792911399444356,Finished bachelor degree,f,25,Latvia,4,5,3,3,4,4,4,3,3,3,2,3,3,3,5,4,1,1,1,1,1,1,4,1,1,1,1,1,1,4,1,1,1,1,4,5,4,1,1,1,1,3,2,1,4,1,1,4,2,2,2,1,1,4,2,2,4,1,1,1,1,1,4,2,2,1,1,2,2,17,17,18,16,4,4,3,4,6,8,45,15,5,8,11,17,55
159,147.102.20.100,5f5b5881b17fa72756b8ff2a,Master's degree,Male,27,Greece,6,4,4,5,4,4,5,4,4,5,4,4,4,4,5,2,4,1,3,1,4,1,2,1,6,4,4,4,3,1,4,1,1,2,5,3,2,5,2,2,1,3,2,2,2,2,3,3,3,3,3,3,3,2,3,2,2,2,3,3,2,3,2,3,3,2,2,3,3,25,20,21,7,14,10,8,9,13,8,69,22,9,11,21,11,72
5,137.215.99.2,5f5c6c1652a92144dd9200ab,Bachelors Degree,Female,23,South Africa,3,5,6,3,5,4,3,4,6,2,3,5,3,4,5,6,4,5,1,2,4,3,7,3,4,2,1,4,4,7,3,2,1,3,5,4,6,4,5,6,4,4,2,2,2,4,1,1,3,3,3,2,3,1,1,2,3,3,2,3,2,2,3,4,3,1,3,2,2,14,21,26,26,14,16,4,12,13,15,100,23,11,9,15,12,67
141,105.12.3.240,5f7f239e9b204e05b6c36538,graduate ,female,28,South Africa ,7,6,6,5,7,7,4,5,7,7,7,6,6,6,7,6,1,4,1,5,4,3,4,1,5,1,4,1,1,1,1,4,1,5,7,7,1,4,4,5,7,3,3,1,3,4,1,1,1,2,4,1,3,3,1,3,4,2,2,2,2,2,3,2,2,2,3,2,2,29,31,33,12,7,17,3,19,12,18,88,22,10,8,12,15,64
176,2.42.69.187,5f9fcdb126b31261ba2364d8,Master's Degree,Female ,23,Italy,5,6,6,7,6,7,6,7,7,6,6,6,6,6,6,7,7,6,7,6,7,7,3,7,6,6,6,6,6,6,6,6,2,2,6,6,6,2,6,5,6,1,2,1,3,4,1,4,1,1,4,1,1,4,4,4,4,1,1,1,1,1,4,4,1,4,3,1,1,30,31,32,22,22,24,15,19,19,25,146,16,7,6,17,20,63
79,213.13.151.37,5fa15b45d6bf96229b16ca26,Undergraduate degree,Male,25,Portugal,5,6,5,3,6,4,3,4,5,4,2,5,4,2,6,4,1,2,1,5,2,3,4,2,2,2,5,2,3,4,1,2,1,4,7,4,3,5,5,5,5,3,3,1,3,1,1,2,3,4,2,2,3,3,3,4,2,1,2,3,1,2,3,2,2,3,3,3,3,19,20,25,15,9,11,4,19,11,15,84,24,10,10,16,11,68
72,79.130.233.220,5fa2778b2a444243cc61d9d8,integrated Master,female,22,Greece,4,3,6,6,4,4,6,2,2,5,3,4,4,2,6,3,4,4,1,5,2,1,4,4,4,1,4,2,1,3,4,3,1,4,7,3,3,6,4,4,4,3,2,1,2,4,1,4,3,3,2,2,2,3,2,1,3,3,2,1,2,4,2,4,2,3,4,2,2,25,14,22,13,18,15,3,17,11,9,86,19,10,11,17,16,69
20,77.252.47.49,5fcca076e2e6deaf9f1055d7,BA,Male,22,Poland,5,2,2,2,2,5,3,3,6,1,5,6,4,3,6,4,1,2,1,2,2,1,2,1,1,1,1,1,1,4,1,1,1,2,5,2,2,1,2,1,3,1,4,1,4,2,2,2,3,2,2,3,2,1,1,1,2,3,3,3,2,3,1,2,2,2,3,2,3,15,15,25,12,4,6,3,6,8,7,46,15,13,13,16,8,62
19,165.255.63.214,600590fcb602617e4e62e8c8,Bachelor's degree,Female,27,South Africa,3,5,6,3,5,6,5,4,6,3,4,5,3,4,5,6,2,4,6,5,4,4,6,4,5,2,5,4,3,7,2,4,4,3,6,4,7,4,5,5,4,3,2,2,3,2,1,1,3,3,2,3,3,1,1,2,2,3,3,3,3,3,1,2,2,2,3,2,3,17,22,28,26,12,18,12,18,14,15,115,20,11,12,17,7,64
41,79.169.66.197,60087f89ba0c184c6d305af9,Last year of MSc Degree ,Female,22,Portugal,5,5,6,5,5,4,3,3,4,3,2,5,2,4,5,2,1,1,1,1,1,2,1,1,1,1,1,1,2,1,1,1,1,1,3,2,1,2,1,2,2,2,3,2,4,3,3,1,4,2,1,2,1,2,2,2,1,3,2,2,2,3,2,3,2,2,3,2,1,18,19,24,5,5,4,3,5,5,8,35,15,11,13,17,9,62
59,5.55.240.124,6010601cc932aa3661b459ec,master degree,female,24,Greece,6,5,7,5,5,6,5,4,6,5,2,6,5,2,6,6,3,5,2,5,4,4,6,4,4,2,5,5,3,7,3,4,2,6,7,4,6,5,5,5,5,3,3,1,3,2,2,3,2,2,4,3,2,2,3,3,3,3,1,3,2,2,3,3,3,2,3,3,2,26,18,31,25,15,18,6,21,16,16,117,23,12,8,18,13,71
144,89.171.58.154,60113374795b0d000a98b896,Master of Science,Male,36,Poland,6,5,5,6,5,5,4,5,5,4,3,5,4,5,6,3,2,3,4,3,3,3,3,3,3,3,3,3,3,4,3,3,4,3,3,3,3,5,3,2,3,3,2,2,3,3,2,3,3,2,3,2,2,3,2,2,3,3,3,2,3,2,2,3,3,3,3,2,3,24,23,26,13,13,12,11,11,9,12,81,20,10,11,20,14,72
64,85.244.179.205,601575a1d735b36214c75f67,Graduation in Game Design,Male,31,Portugal,6,6,6,7,7,4,7,5,6,6,6,7,5,5,5,6,1,1,1,1,1,1,4,1,1,3,1,1,1,4,1,1,4,4,4,3,4,1,1,1,5,1,3,2,3,4,2,2,3,2,2,4,2,2,2,2,2,3,1,1,2,2,3,4,2,3,4,2,3,31,29,28,18,4,4,8,7,6,10,57,17,11,9,22,13,68
97,197.184.179.8,601beff593007e61bdbdbdfc,Bachelors of Commerce,Female,27,South Africa,1,3,4,1,6,3,1,4,5,3,5,4,2,4,4,4,1,3,1,2,4,4,1,1,3,1,5,1,3,1,1,1,1,4,6,6,1,5,4,2,4,3,2,1,4,3,2,2,4,4,2,2,2,1,1,4,4,4,4,3,1,4,2,1,3,1,4,2,4,8,22,20,7,8,11,3,13,11,17,70,24,13,16,13,12,74
46,37.11.196.188,601dce9614595f204440da8f,Bachelors degree,Male,27,Spain,4,6,4,5,3,5,4,2,5,5,2,5,5,2,5,4,2,2,1,1,2,1,4,1,1,1,1,1,1,2,1,1,1,1,6,1,2,2,1,1,4,2,2,2,3,4,2,3,2,3,3,2,2,4,2,2,3,2,2,2,2,2,3,2,2,2,3,3,2,23,15,24,12,6,5,3,4,9,7,46,20,9,9,16,17,68
138,185.23.223.20,602d84ab3b8daf7e896ab146,Master Degree,Female,40,Spain,5,5,6,5,3,5,5,3,5,3,2,5,3,5,6,4,4,3,1,2,1,5,3,3,1,1,5,1,2,6,1,1,1,4,6,5,3,5,1,1,3,2,3,3,3,3,2,2,3,2,2,2,2,3,3,2,2,3,2,2,2,3,3,3,2,3,2,2,2,21,18,27,16,13,6,3,12,8,15,73,16,10,11,20,13,68
131,94.132.82.183,603235aece008c1eeab094fc,College Degree,Female,22,Portugal,6,2,2,5,5,4,3,2,5,5,1,3,5,1,3,2,1,1,1,2,1,1,1,1,1,1,1,1,1,1,1,1,1,3,7,6,1,7,1,1,1,2,3,1,4,4,2,1,3,3,1,4,3,1,2,4,2,3,2,1,2,2,1,2,2,1,3,3,4,24,11,17,5,10,4,3,7,9,9,47,21,10,11,18,9,66
140,109.229.213.49,604078ce258745279c0a0fed,Master's degree,Woman,28,Latvia,5,4,3,5,4,5,5,3,4,3,3,5,5,3,4,4,2,2,1,5,4,1,1,2,2,1,4,4,1,2,2,2,1,4,5,3,1,5,2,4,3,2,2,3,2,1,2,1,2,2,3,2,2,2,2,2,1,2,2,2,2,2,3,2,2,2,2,2,1,23,17,21,8,11,8,3,17,13,8,68,17,8,8,16,8,55
69,188.198.57.216,60407c013b795828d5280016,Bachelor Degree,Male,30,Slovenia,6,5,6,5,5,3,6,5,6,5,5,5,5,3,7,4,3,5,3,4,3,3,4,3,5,3,5,3,2,4,3,5,2,3,5,5,4,5,4,3,5,3,2,1,4,3,2,3,2,3,2,2,3,3,2,3,4,4,2,2,2,2,4,2,3,2,3,3,1,27,23,27,16,14,19,8,15,11,15,98,23,11,10,14,17,72
120,217.129.33.126,604b528b95d6d998726f0bd9,Bachelor degree,female ,36,Portugal,6,7,7,6,4,5,6,6,7,5,5,6,6,6,7,5,4,5,2,5,1,2,3,4,5,2,4,1,1,5,3,2,1,4,5,2,3,5,5,4,6,1,3,1,2,3,1,2,2,2,2,3,1,2,2,2,3,2,2,1,2,2,1,2,1,2,2,1,2,29,28,32,16,16,17,5,17,7,11,89,12,8,8,15,11,52
68,176.63.0.102,60571cc4ed2b0367b3e273b8,Bachelor's degree,Female,24,Hungary,6,4,7,3,5,7,5,2,7,5,3,7,3,3,7,4,2,4,2,4,4,5,3,4,5,3,5,4,5,3,3,4,3,5,7,5,4,5,5,5,4,3,3,1,4,3,1,2,2,3,3,3,3,3,2,3,3,3,2,3,2,3,3,3,3,2,3,2,4,22,17,35,14,14,18,8,19,15,19,107,23,12,11,18,14,75
88,102.222.12.73,605b838b80f022835fc293fb,bachelors degree,female,29,South Africa,7,4,4,3,5,4,3,4,5,4,4,5,5,4,5,5,2,4,4,2,4,5,4,4,5,3,4,4,3,7,3,3,4,4,4,4,4,4,5,5,5,2,1,2,3,3,2,3,2,2,2,3,2,2,2,2,2,2,2,2,3,3,2,3,2,3,3,2,3,22,21,23,20,13,17,11,15,12,17,105,17,8,10,21,12,65
145,187.223.70.11,60725a51a6e4cf1831918847,graduate,male,23,México,6,4,5,2,4,3,6,5,7,2,3,4,2,2,7,5,2,3,1,4,1,5,6,4,3,1,6,5,1,7,4,2,1,4,7,6,4,5,6,5,4,2,3,1,4,1,2,2,3,2,1,2,4,1,3,2,1,4,4,3,3,4,2,3,2,2,3,3,2,18,18,26,22,15,14,3,19,13,16,102,19,13,15,18,7,69
34,151.48.51.64,607477e95809f0c7fdc4d1f3,High school diploma,Male,23,Italy,4,4,4,7,1,1,5,3,5,7,1,5,4,1,3,1,1,1,1,1,2,1,1,1,1,1,1,1,1,1,1,1,1,1,4,1,1,4,1,1,1,3,1,4,2,4,4,3,4,4,3,4,3,3,4,4,3,3,4,4,4,2,3,4,3,4,4,3,3,27,10,18,4,7,4,3,4,7,4,33,27,12,12,31,16,94
164,102.221.218.21,607583e0c86113a48cbdc1e2,Undergraduate,Female,25,South Africa,3,3,3,5,6,6,4,4,5,5,5,5,6,7,6,4,3,7,7,7,7,5,7,7,7,6,6,6,7,7,7,6,6,6,7,7,7,2,7,7,7,2,4,1,4,4,1,3,2,2,3,2,2,4,4,4,4,1,1,1,1,1,4,4,2,4,4,3,2,23,25,25,25,19,27,19,26,20,26,162,22,10,8,19,19,74
67,151.70.129.29,6075f686075b047b4912896f,Bachelor Degree,Male,25,Italy,5,6,5,5,4,6,4,5,7,4,4,7,4,4,7,5,3,5,4,5,5,5,4,4,4,4,5,4,4,3,4,4,3,4,6,4,4,5,4,5,5,2,2,1,3,3,1,3,1,2,2,2,2,4,2,3,3,4,2,1,2,2,4,3,2,2,3,1,2,22,23,32,16,16,17,11,19,15,18,112,17,10,8,15,17,64
45,93.36.161.255,60814ca10e453404aed130ea,Bachelor's Degree,Male,24,Italy,4,5,2,3,3,3,2,2,1,2,1,7,2,5,7,1,1,1,1,1,1,1,1,1,1,1,1,1,1,1,1,1,1,1,5,1,1,1,1,1,1,4,3,1,4,2,2,1,1,4,4,2,4,3,1,4,3,3,2,2,1,4,4,2,4,1,2,3,3,13,16,20,4,4,4,3,4,7,4,30,29,10,11,13,13,74
89,82.53.171.171,608930a9d426b23a7b53c710,Bachelor's Degree,Male,26,Italy,5,5,6,5,3,6,4,3,5,5,2,6,3,2,6,5,1,1,2,1,2,3,3,2,2,4,2,3,3,5,2,3,3,5,7,6,5,6,4,4,5,3,3,3,3,1,3,2,2,3,2,3,2,3,2,2,2,3,4,2,2,2,2,2,3,3,3,2,3,22,15,29,18,11,10,9,12,12,17,89,20,11,11,21,10,70
129,88.157.227.114,6099331dd68e8681d2c562ca,Bachelor,Male,20,Portugal,5,5,5,5,5,5,6,5,5,6,5,6,5,5,5,3,2,3,2,4,3,3,2,2,2,2,2,2,1,2,2,1,2,2,3,2,2,6,2,2,2,2,3,2,3,3,2,2,2,2,2,3,2,3,2,3,3,3,2,2,2,2,3,3,2,2,3,2,2,27,25,26,9,12,8,6,10,8,8,61,18,11,9,18,14,67
87,83.31.3.52,609ae18d591adde470e996cc,Bachelor degree,Male,21,Poland,6,7,5,3,6,6,3,5,4,6,6,6,6,5,6,5,6,5,6,5,6,5,5,6,5,5,5,5,6,5,5,6,5,5,5,6,6,2,6,5,5,2,3,2,4,3,2,4,2,2,3,2,1,4,3,3,3,2,2,2,2,3,2,2,2,3,4,1,2,24,29,27,21,19,22,16,20,16,22,136,18,11,11,18,16,70
27,198.54.173.198,609d1db6e6624a23a8f99f0d,bachelor's degree,female,22,South Africa,5,4,3,6,4,6,4,3,5,7,5,6,4,5,6,7,1,7,4,5,3,5,3,1,7,5,4,3,3,6,5,4,3,4,4,5,3,3,3,4,5,3,3,3,4,2,2,2,2,3,4,2,3,1,2,3,4,2,2,3,1,2,3,2,1,3,4,3,1,26,21,26,19,10,21,12,17,10,18,107,24,12,10,16,12,70
61,94.63.62.252,60c1ea75ebea3c2153bb14fa,student,female,22,portugal,5,4,3,3,3,2,5,2,5,4,3,6,3,3,6,5,1,1,1,1,1,2,1,1,1,1,1,2,2,4,1,1,1,1,4,1,3,1,1,1,1,2,2,2,2,4,1,2,3,2,2,4,2,2,4,2,1,4,2,3,4,3,2,3,2,3,3,2,3,20,15,22,13,4,4,3,4,7,6,41,17,12,10,24,11,71
168,176.58.136.96,60ca1c436511b9fc8ab35615,Bachelor's degree,Male,24,Greece,5,2,4,5,1,4,6,1,4,5,4,7,3,1,5,1,1,1,1,1,1,1,1,1,1,1,1,1,1,1,1,1,1,1,4,1,1,7,1,1,1,2,2,1,3,3,3,4,2,2,2,2,3,1,2,2,2,2,2,1,3,3,1,3,2,2,3,1,3,24,9,24,4,10,4,3,4,6,4,35,17,8,10,19,11,62
155,197.184.179.12,60ccf2ea70e16324c450f531,Honors Degree,Female,33,South Africa,5,1,6,2,2,2,2,2,7,5,5,7,5,1,7,5,7,7,1,7,4,6,7,7,7,1,7,4,1,7,5,7,1,4,7,7,7,7,7,6,7,4,1,4,2,3,1,1,1,1,1,1,3,1,1,1,4,2,1,1,1,1,4,1,1,1,1,1,1,19,11,29,26,26,28,3,24,15,21,143,13,5,5,11,13,46
107,105.184.22.8,60d0913db036105dac42f0cc,Bachelours,Male,26,South Africa,6,4,3,7,6,4,5,6,5,6,4,5,6,4,3,2,1,1,1,1,1,2,7,1,3,1,1,4,1,7,1,1,1,1,6,1,7,4,1,1,3,1,4,1,3,4,1,3,1,1,2,1,1,4,2,2,1,2,3,2,2,3,4,3,1,4,4,1,2,30,24,20,23,7,6,3,4,11,7,61,13,12,10,16,16,63
127,105.8.4.2,60dae077e62179eb469e32a4,Bachelors Degree ,Female,24,South Africa,4,2,6,6,3,5,6,4,6,6,3,5,6,4,6,7,4,7,3,6,4,2,6,4,7,4,6,4,4,7,4,4,4,7,7,7,4,6,7,7,7,3,1,1,3,4,1,2,3,3,2,3,3,1,1,2,3,3,1,2,2,1,2,1,3,2,3,2,3,28,16,28,24,18,25,11,26,15,20,139,21,9,8,14,12,61
121,102.182.102.25,60db74fcb5f4526ce90594a1,Bachelors Degree,Female,27,South Africa,6,6,7,7,7,4,5,7,7,7,3,7,7,5,7,7,3,7,6,7,4,5,7,5,7,5,7,4,5,7,3,5,4,5,6,5,4,6,6,7,7,2,2,1,3,4,1,4,1,2,2,2,1,4,1,2,3,2,1,1,2,2,4,4,2,2,3,2,2,32,28,32,25,17,25,15,26,14,22,144,16,8,7,15,19,62
156,41.216.201.250,60e343a81a1fccbf93aa26e7,Bachelor of Arts (Humanities),Female,19,South Africa,5,4,7,6,4,4,5,5,4,3,4,4,1,4,4,7,4,5,4,4,4,5,3,4,4,4,4,4,5,7,1,4,1,4,4,5,7,1,4,6,4,2,4,1,3,2,2,4,2,2,3,2,2,1,3,4,4,4,2,4,3,4,3,3,2,4,4,3,4,20,21,23,24,10,17,9,18,12,19,109,22,16,11,22,14,81
81,154.73.192.238,60e9c7d6324bb82ccb1357e4,Bachelor's degree,Female,23,South Africa,5,2,6,5,3,7,5,3,6,6,2,6,5,2,6,4,1,1,1,1,1,1,6,1,2,1,2,1,1,7,1,1,1,1,6,1,7,2,2,1,1,3,2,2,4,2,1,2,2,3,4,2,3,4,1,2,4,3,3,3,2,3,3,2,2,2,2,2,3,26,12,31,24,5,6,3,5,8,4,55,21,10,12,15,15,71
126,196.24.72.14,60ed422f77c903379187954a,University Degree,Male,26,South Africa,7,4,6,3,6,6,5,4,7,6,6,6,5,4,5,7,6,7,6,6,4,3,7,7,7,5,6,7,4,7,6,5,4,6,5,6,7,1,7,5,6,4,1,1,2,4,1,4,2,1,4,2,2,3,1,1,3,4,3,2,2,2,2,3,1,3,3,1,2,26,24,30,28,20,26,15,23,16,19,147,17,10,9,15,16,64
124,41.180.61.154,60ed8d47a42dc5469f868b2a,bachelor degree,female,33,south africa,6,7,6,6,3,2,2,2,4,2,4,4,2,2,6,5,3,6,4,2,4,2,5,4,3,4,4,4,4,7,2,2,4,4,4,4,4,5,5,5,5,3,3,2,4,2,1,1,2,3,2,3,3,2,2,3,3,4,3,3,2,3,3,1,2,3,4,3,4,18,18,22,21,14,16,12,15,12,15,105,23,14,12,18,11,74
149,102.141.87.155,60ef2e52a188d9859f92bb58,Univercity degree,Male,26 years,South Africa,3,1,3,4,1,5,6,1,5,6,2,4,4,2,7,6,1,7,4,3,1,5,7,2,6,1,4,1,2,7,6,7,1,1,6,2,7,3,4,6,4,3,2,2,4,3,3,3,2,1,2,1,3,3,2,1,3,3,2,2,2,3,4,1,1,2,3,1,1,23,7,24,27,12,24,6,14,8,13,104,15,10,11,14,16,63
173,213.127.73.183,60f447a41f39e3b469f68f1e,Master's Degree,Female,28,Netherlands,6,3,4,5,3,4,5,3,5,5,3,4,5,3,5,5,5,5,3,4,4,4,5,5,5,3,4,4,3,4,4,4,3,4,4,5,4,5,5,5,5,2,2,2,2,1,2,2,3,3,3,2,3,2,2,4,3,4,3,2,2,2,2,3,2,2,3,2,3,26,15,22,18,19,19,9,17,12,17,111,22,11,10,18,10,68
78,169.1.226.129,60f55467b3c1a738550ccd27,Bachelors degree,Female,28,South Africa,4,3,7,2,2,7,3,4,7,3,1,7,1,4,7,5,1,1,1,1,4,1,4,1,4,1,5,1,1,4,1,1,1,1,6,5,5,6,4,3,6,3,1,2,2,2,3,1,2,1,2,1,1,1,1,1,3,2,2,1,1,3,1,1,1,1,1,1,1,13,14,35,18,9,10,3,10,11,13,74,11,5,9,11,8,43
18,84.90.124.60,60f958dea810a7a0cf3d14d9,Master's Degree student,male,21,Portugal,6,5,5,5,5,6,5,4,5,5,3,5,5,5,6,4,1,3,1,2,1,1,5,1,5,1,1,1,1,6,1,1,1,5,2,1,5,2,5,5,4,3,4,1,4,2,1,3,2,3,2,1,2,1,1,3,4,2,3,3,2,2,3,4,2,2,3,2,2,26,22,27,20,5,14,3,13,4,7,66,20,12,11,14,13,67
136,196.21.104.5,60faab6f9d9a835ba3b8327f,Masters,Female,25,South Africa,3,7,7,6,6,7,6,7,3,3,6,7,7,4,7,7,4,7,5,7,4,5,7,4,7,2,6,4,5,7,4,6,6,6,6,5,7,5,7,7,7,2,2,1,4,1,1,3,3,3,1,3,1,3,2,2,4,2,2,2,3,4,3,1,4,2,4,1,1,25,30,31,28,17,27,13,26,14,22,147,18,10,13,14,14,65
125,197.184.182.213,60fbf828aa685c5d5fdc8dab,Bachelors degree,male,30,South Africa,4,6,2,3,1,1,2,1,3,7,1,7,3,2,7,5,1,1,1,1,1,1,1,1,1,1,1,1,1,6,1,1,1,4,6,1,1,1,1,1,1,3,2,2,3,2,2,1,4,1,3,2,2,2,1,3,2,1,4,2,2,2,2,3,1,2,2,2,2,19,11,20,13,4,4,3,7,8,4,43,17,7,13,16,9,60
70,5.179.180.160,60fd6891508b1a5f090f6337,Bachelor's degree,Male,25,Italy,2,2,2,3,5,4,2,4,2,3,5,3,3,2,3,3,1,1,1,1,1,2,1,1,5,1,1,1,2,1,1,1,1,1,5,1,1,2,5,1,1,3,2,1,2,2,2,2,2,3,3,1,3,1,1,3,2,3,2,2,2,3,2,1,2,2,4,3,2,13,18,14,6,5,12,3,4,7,6,43,24,11,9,12,9,61
101,102.65.161.239,60ff9740c0716986284c41b3,Graduate,Male,29,South Africa,6,2,5,5,1,1,7,5,4,5,3,5,4,3,5,4,2,4,1,4,1,1,5,4,7,1,4,1,1,6,3,2,1,4,7,6,5,6,4,4,5,3,2,2,3,3,2,2,3,2,2,2,3,1,2,2,3,3,3,2,3,3,3,3,2,3,3,2,3,27,14,20,20,15,17,3,16,9,13,93,19,10,12,20,12,70
100,197.184.177.100,6102db96d41a4bf54acd678b,bachelor's degree,male,29,South Africa,7,5,7,7,3,7,4,4,4,5,2,6,7,5,5,7,1,7,4,4,4,5,7,5,6,1,1,4,4,7,1,4,1,4,4,5,7,5,6,6,6,3,2,1,4,2,1,1,1,1,4,1,2,2,1,1,4,2,4,1,1,2,4,1,1,1,2,1,1,30,19,29,28,12,23,6,15,12,20,116,15,7,11,8,13,52
110,151.48.166.157,610510ea2417b82e9a9b546c,Bachelor's degree,Male,20,Italy,7,7,7,7,7,7,7,7,7,7,5,7,7,5,7,4,2,4,2,2,2,1,3,1,2,1,2,1,1,5,2,1,1,1,6,2,3,1,5,1,5,4,1,1,3,1,3,1,3,4,1,3,4,1,1,4,1,4,3,2,2,3,2,2,3,3,4,3,4,35,31,35,15,6,12,4,6,9,9,61,27,11,12,19,6,71
171,46.204.44.73,61086c2bfda98ba5d75b9db4,Bachelor degree,female,23,Poland,6,4,4,5,5,3,4,2,5,3,4,5,5,2,6,4,2,4,1,2,1,1,2,1,1,1,1,1,1,2,1,1,1,4,4,1,2,2,1,2,1,3,2,1,4,3,1,2,2,3,4,2,3,1,2,4,3,1,1,1,3,2,3,2,4,3,3,3,2,23,17,23,10,6,7,3,9,6,4,45,27,7,9,16,12,68
83,80.117.120.103,6109262ae67d0b1d5ae85544,Bachelor degree,Female,26,Italy,5,3,4,3,3,3,3,2,4,3,4,3,3,2,4,4,4,4,1,4,2,1,4,4,5,2,4,3,1,4,1,3,1,4,7,5,3,4,5,4,5,3,3,4,4,2,4,3,2,2,4,1,2,3,2,2,1,3,2,2,2,3,3,2,2,2,3,2,2,17,14,18,15,13,17,4,16,12,12,89,20,11,11,19,12,70
150,51.179.117.144,6109b425508d9c8b84947e28,high school diploma,Female,24,Italy,5,6,6,3,3,1,3,2,5,2,5,4,2,1,6,7,2,6,1,5,1,4,6,4,6,1,5,1,1,7,1,5,1,6,7,5,6,4,4,5,6,3,1,1,4,3,1,3,4,4,4,1,3,4,1,4,4,4,3,1,2,4,4,1,3,3,4,4,4,15,17,22,26,11,21,3,21,9,16,107,29,10,15,14,18,82
23,105.185.170.28,6113e818f20ae6af8f92fc59,Tertiary,Male,25,South Africa,6,4,1,3,5,1,3,1,3,5,6,3,2,4,6,1,1,1,1,1,1,1,1,1,1,1,1,1,1,1,1,1,1,1,6,1,1,7,1,1,1,2,2,1,4,2,3,1,2,4,2,1,3,2,1,4,4,2,3,3,2,2,4,3,2,2,3,1,4,19,20,14,4,10,4,3,4,8,4,37,21,10,11,17,13,69
147,196.216.238.180,61155c65e2f4511fd06bab01,DEGREE,FEMALE,28,SOUTH AFRICA,7,5,7,1,6,6,5,6,6,5,4,7,4,4,7,7,1,1,1,6,4,1,7,2,7,4,4,5,1,7,7,4,4,6,4,5,7,5,7,7,7,2,3,2,3,4,1,4,1,3,2,2,1,4,2,4,4,2,2,2,1,1,4,1,2,1,3,1,1,22,25,33,28,15,19,9,23,13,14,121,18,10,7,11,20,63
96,102.39.242.220,611cf79541223a8ee170a30f,Honours degree,Female,31,South Africa,5,5,6,6,5,4,6,5,6,6,4,5,6,4,6,7,4,4,1,4,1,3,4,4,4,1,4,4,3,7,3,1,1,4,6,4,4,4,5,4,5,4,3,1,3,4,1,4,2,2,2,2,2,4,2,2,3,3,2,2,1,2,4,2,2,2,3,2,1,29,23,27,22,15,14,3,16,11,15,96,19,11,9,12,19,67
115,197.185.107.18,611d0249e8393016043b13c5,bachelor's degree,female,22,South Africa,6,7,4,3,5,4,2,3,4,3,5,5,5,4,5,6,3,5,4,3,4,4,5,4,5,4,4,3,4,7,3,5,4,4,3,5,5,5,5,5,6,3,3,2,3,3,1,2,3,2,1,4,4,4,2,2,3,3,3,3,4,2,2,2,2,2,3,2,1,19,24,22,23,15,20,12,16,10,19,115,19,12,11,18,14,71
135,169.239.70.30,611d1134bcc4eda812acf219,Bachelors Degree,Male,35,South Africa,7,5,6,5,3,5,3,4,5,5,4,5,6,3,5,6,4,5,3,4,4,2,6,3,6,2,4,4,2,7,3,3,2,3,5,3,5,4,5,4,6,2,1,1,3,3,2,2,2,2,2,2,3,3,1,2,3,1,2,1,2,1,3,1,1,2,1,2,3,26,19,26,24,14,19,7,15,13,13,105,15,4,8,14,14,54
142,196.21.124.110,611d3a09fcbb58f515c4bd0d,Graduate,Male,38,South Africa,6,5,6,7,6,3,6,3,6,7,3,6,6,6,7,6,1,1,1,2,3,2,5,3,2,1,2,1,1,6,2,1,1,1,6,5,6,5,1,1,1,1,3,1,4,4,1,2,2,1,1,2,1,4,1,1,3,1,1,1,2,2,2,3,1,1,3,1,1,32,23,28,23,11,5,3,6,10,9,67,10,8,9,12,15,51
43,102.220.210.150,611e662627fe84ce145a07cc,Masters Graduate,Female,28,South Africa,6,5,6,5,5,5,6,3,5,5,3,5,5,3,5,6,6,6,4,5,4,4,6,5,6,3,5,4,3,7,6,5,3,4,3,4,6,5,6,5,5,3,2,1,2,2,1,2,2,2,2,2,2,4,2,2,3,3,2,2,2,2,3,2,2,2,2,1,1,27,19,26,25,22,23,10,19,11,16,126,16,9,8,13,14,58
14,82.155.99.89,611e69199102a9ea07155a4e,Bachelors degree,Male,34,Portugal,3,3,4,5,2,3,3,2,4,5,3,5,4,4,6,4,1,2,1,1,1,1,2,1,4,1,1,1,1,1,1,2,1,1,7,1,1,6,2,1,1,4,2,2,4,4,1,2,2,2,2,3,3,3,1,3,3,2,3,3,2,3,3,2,2,3,3,2,1,20,14,22,8,9,10,3,4,9,4,47,21,10,12,15,15,70
132,196.41.10.249,611e8fbfd3f7c080df933947,Bachelor's degree,female,27,South Africa,7,1,7,7,1,7,7,1,7,7,1,7,7,1,7,7,7,7,1,7,1,1,7,7,7,1,7,1,1,7,7,7,1,7,1,7,7,1,7,7,7,4,1,1,4,1,1,1,1,1,1,1,1,1,1,1,4,4,4,1,1,1,4,1,1,1,4,1,1,35,5,35,28,22,28,3,28,3,16,128,14,10,10,8,11,49
29,165.255.55.187,611ea1a15dbc12b56d64fd22,btech,Female,36,S.A,7,4,5,4,4,4,6,4,4,4,4,4,4,4,4,4,4,4,4,4,4,4,4,4,4,4,4,4,4,4,4,4,4,4,4,4,4,4,4,4,4,4,3,2,3,3,1,2,2,2,4,2,3,2,2,1,3,2,2,2,3,3,2,2,2,2,2,2,2,25,20,21,16,16,16,12,16,12,16,104,20,9,10,16,12,65
108,197.184.179.5,611f5fca1c852d6d56e5bf8d,Undergraduate,Male,31,South Africa,7,7,7,7,7,7,6,7,7,7,4,4,6,5,7,7,4,6,3,4,4,3,4,4,5,4,4,4,3,7,2,4,1,4,4,6,4,4,5,6,6,2,2,1,3,3,1,1,2,1,3,3,1,2,2,1,3,2,2,1,2,2,2,3,1,3,4,1,2,33,30,32,22,14,20,8,18,12,18,112,14,9,9,17,11,56
151,41.160.210.132,61216c57c465b4c0b056f277,Bachelors Degree,Male,24,South Africa,4,5,6,5,5,5,1,1,4,1,3,4,1,2,6,7,1,7,1,5,4,2,6,4,7,1,6,4,4,7,1,7,4,6,5,4,7,4,7,4,6,2,2,1,2,4,1,3,2,2,4,4,1,3,2,1,3,4,1,2,2,2,4,3,1,2,3,1,2,12,16,25,27,10,28,6,21,13,16,121,15,11,7,17,17,64
3,148.69.79.43,612364605c7b6d1e7ba7b4f3,masters degree,male,26,portugal,6,6,5,7,5,5,5,4,5,5,5,5,4,4,5,6,1,1,1,1,1,1,1,1,1,1,1,1,2,5,4,4,1,1,2,2,3,6,2,2,3,3,2,1,3,2,3,2,3,2,2,3,2,2,2,2,1,3,2,2,3,2,2,2,3,3,2,3,3,27,24,25,15,12,8,3,5,4,8,55,19,9,10,20,9,65
152,197.234.172.44,6124ce846b7b3c7bab41bbb5,bachelors degree,female,30,South Africa,6,6,6,6,6,6,6,6,7,6,5,6,6,1,7,7,6,6,6,6,4,6,7,6,6,1,6,4,3,7,6,6,5,6,6,5,7,7,6,1,6,2,1,1,3,3,2,2,2,4,3,3,2,2,2,2,3,3,2,2,2,2,3,3,3,3,4,2,3,30,24,32,28,25,24,12,19,14,20,142,22,10,9,19,13,69
116,197.184.177.224,612501bc1d444bcf3be30902,Bachelor's graduate,Female,28,South Africa,7,5,6,4,5,2,2,4,5,4,4,5,4,2,6,7,5,4,4,5,4,4,3,4,5,2,5,4,3,6,4,5,1,4,4,6,3,7,5,5,4,2,1,1,2,2,2,1,2,2,1,2,3,1,1,2,3,3,2,1,3,1,2,1,1,3,3,1,3,21,20,24,19,20,19,7,19,12,17,113,15,8,7,16,9,52
154,41.193.22.202,61274c5d48457b27bb106961,degree,female,28,South Africa,5,6,5,6,6,5,7,7,6,5,6,6,5,6,7,7,6,7,4,5,5,6,6,5,6,3,5,4,5,5,5,6,6,6,5,6,6,3,6,6,7,2,3,1,3,3,3,3,2,2,4,2,3,3,3,3,2,2,2,2,1,2,3,3,1,3,3,1,2,28,31,29,24,19,25,13,22,14,24,141,19,10,9,18,14,67
123,197.184.175.76,6128b6f850d39bf85a29211e,Bachelor of Science,Male,26,South Africa,7,5,4,3,5,4,6,5,5,6,3,3,3,3,4,4,2,4,5,4,4,3,4,2,4,2,2,4,3,5,2,4,4,4,4,5,4,5,5,4,3,4,1,2,4,4,1,2,4,4,3,2,2,4,1,3,3,4,4,3,3,3,3,4,3,2,3,2,4,25,21,20,17,11,17,11,14,12,14,96,24,11,15,19,16,82
143,105.12.0.51,6128bd8212d9c49351e1c453,degree,male,28,South Africa,7,7,7,7,1,7,7,1,7,7,1,7,7,1,7,7,4,4,1,4,4,4,4,4,4,1,7,4,4,4,4,4,4,4,6,4,4,4,4,4,4,3,4,1,2,2,2,2,3,2,3,3,2,2,2,2,2,3,2,2,3,1,4,3,1,1,1,1,1,35,11,35,19,16,16,6,19,14,16,106,15,10,8,16,12,60
134,77.49.7.184,612a27c64944d23ec0408cd2,master's degree,male,36,Greece,4,3,4,5,2,6,3,2,5,3,3,4,3,3,5,5,2,3,3,4,2,1,6,3,3,3,3,1,1,7,3,3,3,4,5,3,5,4,4,5,5,2,2,2,3,2,2,2,2,2,2,3,2,2,3,2,2,2,2,2,3,2,2,3,2,3,2,2,3,18,13,24,23,12,13,9,16,8,10,91,16,8,9,22,10,63
130,168.172.120.67,612cb8236aa1cef2599e6f59,Post Graduate Diploma (Pending),Male,27,South Africa,6,6,7,7,6,6,6,6,4,6,5,4,7,1,5,7,4,3,1,1,1,1,7,2,7,1,2,1,1,7,4,4,1,7,6,1,7,4,6,6,7,2,2,1,4,1,1,2,3,1,2,4,1,3,2,1,3,3,2,2,2,2,4,4,2,2,3,1,2,32,24,26,28,14,20,3,16,8,10,99,13,10,11,18,13,62
82,102.134.121.33,612fd3da400557b971d45724,Degreed,Female,28,South Africa,7,5,7,6,4,7,3,4,7,6,1,7,7,4,7,5,4,7,7,7,1,5,7,4,7,1,7,1,3,7,4,6,1,5,4,6,4,2,7,7,6,2,1,3,3,1,1,3,2,3,1,2,1,3,1,2,4,2,1,3,2,2,1,1,1,4,3,1,1,29,18,35,23,14,27,9,26,6,20,125,14,9,8,15,12,55
50,196.34.85.118,6130cabbaf487a833fd4aebd,Bachlore,Female ,26,South Africa ,6,4,7,6,7,3,2,4,7,4,3,7,6,6,7,7,1,6,1,6,4,6,3,1,2,1,2,4,6,3,4,6,1,3,4,6,1,7,6,7,6,2,3,1,3,1,1,3,1,1,1,2,1,3,1,1,4,3,1,1,1,1,3,4,1,1,2,1,1,24,24,31,14,13,20,3,18,12,24,104,10,9,6,12,14,49
65,86.200.107.90,6131da4d35598b1a6f36cb37,Master's degree,female,26,France,7,5,6,2,5,6,7,5,7,6,5,7,3,4,7,4,1,1,1,1,1,1,1,1,1,1,1,1,1,2,1,1,1,1,7,1,1,3,1,1,3,2,2,1,4,2,1,1,1,2,1,1,2,1,1,3,1,3,2,1,2,2,2,2,1,3,2,1,1,25,24,33,8,6,4,3,4,9,6,40,14,8,9,12,7,48
113,105.233.224.66,61320a26c3013321c8d54600,Bachelors degree,Female,40,South Africa,6,6,4,6,5,6,5,5,7,7,3,6,6,6,7,7,7,7,1,7,1,1,7,6,6,1,6,1,1,7,1,1,1,7,4,1,7,6,6,1,1,2,2,1,4,4,1,3,2,2,4,2,1,4,4,3,4,3,3,1,2,3,4,3,2,2,3,1,2,30,25,30,28,20,20,3,21,6,4,102,18,9,12,17,19,72
119,105.243.53.218,613281db9a635b97959e1751,Bachelor's degree,Male,32,South Africa,7,3,7,7,3,3,6,6,7,7,5,3,6,2,6,7,3,7,4,5,4,2,6,4,7,1,7,1,2,7,1,6,1,7,7,6,6,4,7,6,6,2,3,2,3,4,2,1,2,4,3,4,3,4,1,4,3,1,2,3,3,3,4,2,3,3,3,2,3,33,19,26,26,12,27,6,25,12,16,124,24,10,10,20,16,77
35,185.244.103.5,61350dca290dfe0321442542,College degree,Female,32,Estonia,3,4,6,7,3,6,6,3,6,6,3,6,6,3,6,7,4,4,1,4,4,4,4,4,6,4,4,4,4,2,4,5,4,6,4,6,4,6,4,6,6,2,3,1,4,4,1,2,2,1,2,2,3,2,3,1,3,2,2,2,1,3,3,3,1,3,2,1,2,28,16,30,17,18,19,9,20,12,20,115,13,9,11,16,14,61
12,41.222.142.178,6137664fb23c5175515fa573,Honours Degree,Female,25,South Africa,6,6,6,5,6,7,5,5,7,5,2,6,5,2,7,7,4,7,4,6,4,6,7,4,4,4,4,4,5,7,4,4,3,6,4,6,3,5,6,6,6,3,2,1,4,4,1,3,2,2,2,2,2,3,3,2,3,2,2,2,3,3,2,4,3,3,3,2,2,26,21,33,24,17,21,11,22,12,23,130,19,9,11,19,15,70
4,212.85.166.143,6137b173cb7545edf5e05406,Student,Male,22,Slovenia,3,5,6,1,5,6,4,5,7,3,3,7,3,5,7,6,4,5,2,5,4,5,7,5,5,2,3,2,3,2,5,3,1,7,7,6,1,6,5,6,6,4,3,2,3,4,1,1,4,4,4,4,4,1,1,4,4,3,4,4,2,3,3,2,4,2,4,4,2,14,23,33,16,20,18,5,21,13,20,113,32,14,14,16,13,85
37,187.161.116.149,613a8ef5d9b1e9edad809487,Bachelor degree,Male,24,Mexico,4,2,3,6,2,3,5,2,3,6,3,5,5,2,4,2,1,1,1,1,2,1,2,1,1,1,1,2,1,2,1,1,1,1,5,1,2,2,1,1,1,2,3,4,3,2,4,1,3,3,2,4,2,3,2,3,1,2,3,3,3,3,1,2,2,3,4,3,2,26,11,18,8,5,4,3,4,9,4,37,21,12,12,24,8,73
22,189.203.101.177,61403ccaf15c48625b82ec6b,University,Male,23,Mexico,5,3,6,3,5,4,3,5,6,3,6,3,3,5,6,2,1,4,2,3,2,2,4,3,3,1,3,2,2,2,2,3,1,2,7,2,2,4,3,1,2,2,3,2,2,2,2,1,2,3,1,3,2,2,4,2,3,3,3,3,4,3,3,3,3,2,4,3,4,17,24,25,10,10,13,4,9,11,8,65,20,13,10,24,11,74
39,109.53.11.64,61419f660a2296e74b6817f5,B.A in arts,female,27,Italy,4,5,4,3,5,4,2,4,4,1,1,7,3,4,3,4,4,4,3,4,1,1,4,3,4,1,4,2,1,5,3,3,3,4,2,1,4,5,4,4,1,2,2,2,3,2,3,1,4,3,3,3,3,1,2,1,3,3,3,3,3,2,3,1,4,2,4,2,3,13,19,22,17,15,15,7,16,5,4,79,22,12,12,19,10,71
139,197.184.169.4,6142589393c9f8b38086f20f,Bacherlors Degree,Female,23,South Africa,7,4,3,7,1,6,3,1,7,7,2,7,7,1,7,4,1,5,1,1,1,1,7,1,6,1,6,1,1,7,1,5,1,1,1,1,7,1,5,3,6,3,3,2,3,1,2,1,1,1,3,1,1,1,1,1,1,1,1,1,4,2,1,4,1,2,2,1,1,31,9,30,25,4,21,3,11,3,9,76,13,7,7,17,5,47
33,105.4.1.145,61436594450b2f391b63b5ce,BA,Female,23,South Africa,7,6,7,7,6,7,2,4,7,7,1,4,7,4,7,7,4,7,5,7,4,6,7,2,7,4,7,4,5,7,3,7,4,1,3,7,7,3,7,7,7,4,4,1,4,3,1,1,1,1,2,1,1,1,2,1,4,3,1,1,1,2,1,1,2,1,3,1,1,30,21,32,28,12,28,13,22,11,25,139,15,11,8,9,10,50
25,102.165.194.49,614b126d78333df3905cfce8,Honors degree,Male,28,South Africa,6,3,6,7,2,5,3,3,4,6,3,5,6,2,6,4,1,5,1,3,4,5,7,1,6,1,4,4,2,7,1,1,1,5,4,4,7,1,5,4,4,2,2,1,2,1,2,1,3,3,1,2,2,2,1,2,3,1,2,2,3,2,2,2,2,3,2,3,3,28,13,26,25,4,17,3,16,12,15,92,17,7,9,17,9,57
104,37.100.156.77,614df2dea090283ef5a09be2,Laurea Triennale,Femmina,23,Italia,3,2,4,1,3,7,5,3,5,3,1,7,3,1,6,5,4,2,1,3,1,1,5,4,4,1,2,1,1,2,2,4,1,4,7,4,2,5,4,4,4,1,1,1,3,3,1,2,4,2,2,3,1,1,1,1,3,2,2,1,1,3,4,1,1,2,2,1,3,15,10,29,14,15,14,3,13,9,10,78,11,6,12,13,13,53
7,177.228.72.196,614dfeeecc516a80b2025a7d,bachelor s degree,Male,25,Mexico,3,2,5,3,5,4,4,5,5,4,3,5,5,3,7,4,2,5,1,3,1,1,3,3,5,1,3,1,1,7,1,5,1,4,7,1,4,5,7,4,7,3,3,1,4,2,1,1,1,3,1,1,3,1,1,3,4,1,1,2,1,1,4,4,2,3,4,3,3,19,18,26,18,11,22,3,14,9,10,87,22,10,7,15,12,62
24,146.141.14.160,6150b1ab531874be26425a70,bachelors degree,female,34,South Africa,6,7,6,4,5,5,4,3,6,5,5,6,3,3,6,6,1,4,2,5,4,5,5,4,5,2,2,4,3,7,3,4,3,4,5,5,5,5,4,5,5,2,3,2,4,4,1,2,2,3,2,3,2,2,2,2,3,3,2,3,3,2,3,3,2,1,3,2,2,22,23,29,23,13,17,7,16,13,18,107,18,12,10,17,14,68
16,197.229.0.88,6151a560fca061c58676693e,Batchelors degree,Male,29,South Africa,3,3,7,7,3,2,5,2,5,4,2,6,5,2,7,7,1,5,1,4,4,1,7,4,5,1,5,4,1,7,1,4,1,1,4,1,7,4,5,4,4,2,2,1,3,4,2,2,3,2,2,2,3,2,2,1,3,2,3,2,3,2,4,2,2,3,2,2,1,24,12,27,28,10,19,3,14,12,7,93,16,8,11,16,15,64
90,195.53.197.200,6152c8dec5e715fe8a9e89b4,Master degree,Male,36,Spain,3,2,1,3,3,1,4,3,1,4,5,3,3,4,2,1,1,1,1,1,1,1,1,1,1,1,1,1,1,1,1,1,1,1,4,1,1,3,1,1,1,2,2,2,3,2,2,1,3,2,3,2,3,2,2,2,3,3,4,3,3,3,4,2,2,2,2,2,3,17,17,8,4,6,4,3,4,6,4,31,18,10,13,18,12,69
170,102.182.46.39,6154852ab89835a5eb9c4e66,Undergraduate,female,25,South Africa,7,6,6,6,6,5,1,1,1,6,5,6,5,6,6,7,7,7,7,7,7,7,7,7,7,7,7,7,7,7,7,7,7,7,7,7,7,1,7,7,7,1,4,1,4,4,2,3,2,1,4,1,1,3,3,4,4,1,1,2,2,2,4,4,1,4,4,1,1,25,24,24,28,22,28,21,28,21,28,176,17,11,9,18,18,69
60,150.214.205.75,6154d702c164d49259d6cc20,Master of degree,Male,23,Spain,6,7,4,3,4,2,5,6,6,2,4,6,6,4,5,6,5,5,3,6,2,6,2,5,4,7,6,1,5,7,2,6,2,5,3,5,4,3,3,5,5,2,2,3,2,4,1,2,3,1,1,3,1,3,3,3,2,2,2,3,2,2,2,2,2,2,3,2,1,22,25,23,19,15,18,12,22,6,21,113,15,10,9,17,13,61
161,87.64.118.19,61575baae7886f5555dbbb6b,Master,Male,38,Belgium,3,2,1,5,4,1,5,5,1,4,4,4,4,4,4,1,1,1,1,1,1,1,1,1,1,1,1,1,1,2,1,1,1,1,5,1,1,6,1,1,1,2,3,2,3,1,2,1,4,4,2,3,3,3,2,4,1,3,2,2,3,2,3,2,3,3,3,3,2,21,19,11,5,9,4,3,4,7,4,36,24,11,11,19,9,71
76,102.32.46.152,615ad3c92746f5417001bfc4,Degree,female,34,South Africa,6,6,7,7,6,4,5,6,7,6,2,7,2,2,6,7,7,7,5,7,4,7,2,7,7,1,7,4,6,7,7,7,1,7,7,7,6,7,7,7,7,4,4,1,1,4,1,4,1,1,1,1,1,4,1,1,4,1,1,1,1,1,4,1,1,1,1,1,1,26,22,31,22,28,28,7,28,15,27,155,11,7,4,8,20,49
153,41.21.175.222,615ae3c2462dcbab1d3af8d3,Educated - Bachelor's degree,Female,31,South Africa,4,4,4,6,4,3,3,4,5,5,4,5,3,4,5,4,6,4,3,4,4,4,4,4,4,4,4,4,4,2,3,3,3,4,5,5,3,3,4,4,4,3,3,2,3,4,1,4,1,2,3,2,3,4,2,1,4,3,2,3,3,2,4,1,2,3,2,2,1,21,20,22,13,16,15,10,16,13,17,100,18,11,8,15,20,70
114,41.160.22.4,615e8cae688ae33fe6406d83,Honors Degree,Female,30,South Africa,3,4,5,4,4,5,4,4,5,5,3,5,4,4,5,6,5,5,4,5,4,4,4,4,5,3,6,2,4,6,4,5,4,4,6,6,4,6,5,7,7,3,3,1,4,4,1,4,2,3,2,1,2,4,1,3,4,3,2,3,3,3,4,3,3,3,3,3,1,20,19,25,20,19,20,11,22,12,21,125,22,12,11,14,20,76
2,189.222.20.211,615f22d7b074765f50e937da,Graduated,Male,24,Mexico,4,5,4,5,5,4,4,4,3,5,4,4,4,4,4,2,2,3,1,2,1,1,1,1,1,1,1,1,1,2,1,1,1,1,5,1,1,3,1,5,1,2,3,2,2,2,2,2,2,3,2,3,2,1,1,2,2,3,3,2,2,3,2,2,2,2,4,1,2,22,22,19,6,7,6,3,9,7,4,42,18,12,10,16,9,61
91,197.91.243.247,615f388ccc257e70552d9b2e,Bsc Computer Science & Informatics,Male,23,South Africa,7,5,7,3,5,5,6,6,7,6,3,7,6,5,7,5,1,4,1,4,2,1,4,1,5,1,4,4,1,5,1,5,1,4,4,3,4,2,7,5,7,3,3,1,4,4,1,2,1,2,1,3,1,3,2,2,4,4,1,2,1,2,3,2,3,1,3,2,2,28,24,33,18,5,21,3,17,10,12,86,17,12,8,13,16,63
103,102.65.88.237,615f3ab4e6ab2fd0451875db,university graduate ,female,25,South Africa,7,1,5,5,6,7,4,1,7,7,1,7,1,1,6,1,1,7,1,4,4,1,7,1,7,1,6,4,1,7,1,7,1,4,1,3,5,4,5,1,6,2,2,2,3,4,1,2,2,2,1,3,2,1,1,1,2,2,2,2,3,2,2,1,2,3,4,1,4,24,10,32,20,7,26,3,15,9,11,91,15,10,9,18,11,59
177,169.159.144.51,615f480bea322c274ab65073,Honours Degree,Female,26,South Africa,7,4,6,5,4,7,3,7,7,6,2,3,4,4,7,7,1,7,3,4,4,1,6,4,7,1,3,4,1,7,1,7,1,7,5,7,5,5,7,7,7,2,4,1,4,4,1,1,4,4,2,1,2,2,1,4,4,2,2,1,1,1,4,1,2,2,4,3,4,25,21,30,25,11,28,5,21,13,16,119,23,11,11,12,15,68
146,197.185.111.133,616175dbc12b4681198a540f,Degree,Female,32,South Africa,6,5,6,2,6,6,5,6,7,6,6,6,6,6,6,6,5,6,6,5,4,5,7,6,7,1,7,5,6,7,6,6,4,7,4,6,7,5,7,1,7,3,1,1,4,4,2,3,1,1,4,1,2,3,2,2,3,2,1,1,1,1,4,4,1,3,3,1,3,25,29,31,27,22,26,11,20,13,24,143,17,7,7,17,17,62
28,102.141.72.43,616323b9520ffc74cfc92c4e,3 year degree,male,27,south africa,6,6,7,6,5,5,5,5,5,6,6,6,5,6,6,7,3,7,3,4,3,3,5,5,5,3,3,4,4,5,5,4,4,6,6,6,6,5,5,5,5,3,3,2,3,3,2,3,2,2,3,2,2,2,3,3,3,2,2,2,2,2,3,3,2,3,3,2,2,28,28,29,23,18,21,10,18,13,18,121,20,10,9,19,14,69
42,41.193.30.128,616362561686865ed3927d00,University graduate,male,25,South Africa,7,5,7,7,7,5,6,6,7,6,7,7,5,3,7,7,4,6,5,6,4,4,5,4,6,6,7,4,4,7,4,5,4,4,7,4,6,4,5,6,7,2,1,1,3,3,2,4,1,3,3,2,2,4,2,3,4,3,2,2,1,1,4,2,2,2,3,2,2,31,28,33,25,16,22,15,23,15,19,135,20,9,7,14,19,66
148,197.98.140.118,6163b7cb7fff1e68acfddfab,Bachelor's Degree,Male,27,South Africa,6,4,5,6,2,4,1,2,5,5,1,6,5,4,4,6,1,4,2,1,1,1,4,5,6,1,1,4,4,6,1,7,1,4,4,2,1,2,7,7,7,3,1,1,3,4,1,3,1,2,1,4,4,2,4,2,3,2,3,2,2,3,3,3,1,3,4,2,2,23,13,24,17,9,24,4,13,9,14,90,19,9,10,20,15,69
8,83.241.131.134,6163c84b2ac5757cbed5c68a,Bachelor,Female,26,Sweden,4,3,4,5,3,4,2,3,5,1,3,5,4,2,6,4,1,1,1,1,1,1,1,1,1,1,1,1,1,2,1,1,1,2,4,1,2,1,1,2,1,2,3,2,3,2,2,2,2,1,2,1,2,1,2,2,3,3,2,2,2,2,3,2,2,2,3,2,1,16,14,24,9,4,4,3,6,6,4,36,16,11,9,14,11,58
109,196.40.183.149,61645fccc9e03464d67350e7,undergraduate ,male,24,South Africa,5,7,7,6,7,7,4,5,6,7,7,7,7,6,7,7,4,6,1,7,4,6,4,4,7,1,4,4,2,7,5,6,4,4,6,7,6,7,4,4,6,4,2,1,3,3,1,1,1,2,2,2,4,1,2,1,4,1,1,2,2,1,4,4,2,2,1,1,1,29,32,34,24,20,23,6,19,14,21,127,17,6,6,15,13,56
51,79.116.41.240,61651678b1e8cb5079ebe9d2,Bachelor's degree,Female,26,Spain,6,3,5,5,3,2,2,1,5,3,3,4,3,3,5,4,3,3,1,6,3,5,4,3,5,3,5,4,3,2,3,2,3,4,6,5,3,5,5,5,6,3,3,1,3,2,2,2,4,4,4,3,3,1,2,3,4,2,2,2,1,4,3,3,3,2,3,2,3,19,13,21,13,14,15,7,20,13,19,101,25,10,13,17,12,74
162,105.216.133.133,61687f084dd0608f43a02d0e,undergraduate degree,Female,27,South Africa,7,5,6,7,5,4,6,4,4,6,5,4,6,3,5,5,3,5,4,2,4,4,5,4,6,4,5,4,2,7,4,4,4,5,2,4,4,6,6,6,5,2,2,1,2,2,1,3,4,3,2,2,3,3,1,4,3,3,2,3,2,3,2,2,2,4,3,3,2,32,22,23,21,17,21,12,18,10,15,114,22,11,11,15,13,69
40,105.28.115.18,6169262c8dd60e7f3216c016,BA Degree graduate ,Female,24,South Africa,6,6,7,7,5,7,5,2,7,7,1,7,7,2,7,7,1,7,6,7,4,6,3,2,7,7,7,4,7,7,1,5,1,7,6,7,6,6,6,7,7,4,4,1,2,1,1,1,1,3,4,4,3,1,1,3,3,3,1,4,1,2,1,2,3,2,3,2,2,32,16,35,23,10,25,14,28,14,27,141,25,14,6,14,7,63
157,196.252.68.102,616d50472a9af48a47847e01,Master of science graduate,female,29,south africa,6,6,6,5,6,3,3,5,7,5,4,6,3,6,6,6,1,5,1,3,2,2,4,2,5,2,4,2,2,4,1,1,1,5,7,1,4,2,6,4,2,2,4,1,3,4,1,2,2,3,3,2,3,1,1,1,3,4,2,2,2,3,2,2,3,2,3,3,2,22,27,28,18,6,17,4,16,11,7,79,21,13,10,13,12,66
71,169.0.54.209,617118971b29a7f27b2baec5,Diploma,Male,26,South Africa,7,1,5,7,1,1,7,1,4,7,1,3,7,1,7,4,1,1,1,1,1,1,1,1,1,1,1,1,1,1,1,1,1,1,1,1,1,7,1,1,1,2,1,3,4,1,3,1,4,1,1,1,1,1,1,1,4,1,3,1,1,1,2,1,1,1,1,1,1,35,5,20,7,10,4,3,4,3,4,35,9,4,12,12,9,45
112,197.184.177.81,6171aa5fff416f8783493856,Degree,Female,27,South Africa,7,3,7,3,5,5,6,5,6,5,5,6,3,2,7,6,6,6,1,6,4,4,4,6,6,4,6,4,4,7,6,6,4,4,4,6,4,4,6,6,4,2,1,1,3,3,1,4,3,3,3,2,2,4,2,2,4,2,2,1,1,3,3,3,2,2,3,2,1,24,20,31,21,22,24,9,22,12,18,128,19,7,11,13,18,65
163,41.246.128.130,62a7383cd8923ffcc123f607,Bachelor's Degree,Female,25,South Africa,6,7,6,7,5,6,7,5,5,6,5,5,5,5,5,4,1,7,7,5,4,4,6,4,7,1,4,4,4,7,4,4,1,4,2,4,5,2,7,7,6,3,2,1,4,3,1,1,2,2,3,1,2,3,1,1,3,3,3,1,4,2,2,4,1,4,3,1,2,31,27,27,22,11,25,9,20,10,18,115,16,9,11,18,12,63
