prolific_id,reason
5fa2778b2a444243cc61d9d8,max_homo
601575a1d735b36214c75f67,max_homo
6075f686075b047b4912896f,max_homo
60e343a81a1fccbf93aa26e7,max_homo
60f958dea810a7a0cf3d14d9,max_homo
61216c57c465b4c0b056f277,max_homo
6131da4d35598b1a6f36cb37,max_homo
61403ccaf15c48625b82ec6b,max_homo
615ae3c2462dcbab1d3af8d3,max_homo
616175dbc12b4681198a540f,max_homo
62a7383cd8923ffcc123f607,max_homo
616323b9520ffc74cfc92c4e,max_homo
605b838b80f022835fc293fb,max_homo
60725a51a6e4cf1831918847,max_homo
60ed422f77c903379187954a,acc_chasing
6169262c8dd60e7f3216c016,acc_chasing
60113374795b0d000a98b896,acc_chasing
609d1db6e6624a23a8f99f0d,acc_color
61274c5d48457b27bb106961,acc_color
5f9fcdb126b31261ba2364d8,acc_color
6124ce846b7b3c7bab41bbb5,acc_color
60ed8d47a42dc5469f868b2a,acc_color
6137664fb23c5175515fa573,acc_color
611cf79541223a8ee170a30f,acc_color
60fbf828aa685c5d5fdc8dab,acc_color
611e8fbfd3f7c080df933947,acc_color
61575baae7886f5555dbbb6b,acc_color
5e99da3ea467ef04d870e7a9,acc_color
5ecd36c112aedc06518bd20a,acc_color
60d0913db036105dac42f0cc,acc_color
615f3ab4e6ab2fd0451875db,acc_color
6163c84b2ac5757cbed5c68a,acc_color
594fa525f61b8e00016af178,acc_color
5ef67612126bfa36576e1b03,acc_color
5f7f239e9b204e05b6c36538,acc_color
602d84ab3b8daf7e896ab146,acc_color
60db74fcb5f4526ce90594a1,acc_color
61155c65e2f4511fd06bab01,acc_color
5ecc7b15ce3f4185e01acd04,acc_color
6150b1ab531874be26425a70,acc_color
6151a560fca061c58676693e,acc_color
61645fccc9e03464d67350e7,acc_color
